[{"model": "main_app.category", "pk": 1, "fields": {"name": "Food"}}, {"model": "main_app.category", "pk": 2, "fields": {"name": "Cake"}}, {"model": "main_app.category", "pk": 3, "fields": {"name": "Holiday"}}, {"model": "main_app.category", "pk": 4, "fields": {"name": "Plants"}}, {"model": "main_app.category", "pk": 5, "fields": {"name": "Fun"}}, {"model": "main_app.item", "pk": 3, "fields": {"name": "Happy Pill", "description": "Take with three deep breaths and a tall glass of water", "materials": "cotton yarn, plastic safety eyes", "price": "12.50", "finish": "P", "dimensions": "2x2x2", "categories": [5]}}, {"model": "main_app.item", "pk": 5, "fields": {"name": "Slice of Cake", "description": "This cake is very sad.", "materials": "cotton yarn, plastic safety eyes, sadness", "price": "29.84", "finish": "P", "dimensions": "4x4x4", "categories": [1, 2]}}, {"model": "main_app.item", "pk": 6, "fields": {"name": "Thanksgiving dinner", "description": "A tiny turkey dinner for you", "materials": "cotton yarn, acrylic yarn, wool roving, plastic safety eyes", "price": "32.50", "finish": "P", "dimensions": "4x4x4", "categories": [1, 3]}}, {"model": "main_app.item", "pk": 7, "fields": {"name": "Halloween Friends", "description": "Take your pick: Bun Dracula, or Ghostie", "materials": "cotton yarn, acrylic yarn, plastic safety eyes, felt", "price": "18.50", "finish": "P", "dimensions": "3x3x3", "categories": [3]}}, {"model": "main_app.item", "pk": 8, "fields": {"name": "Spooky Bats", "description": "Creepy, cute, and very fuzzy", "materials": "acrylic yarn, plastic safety, eyes, felt", "price": "18.50", "finish": "P", "dimensions": "3x3x3", "categories": [3]}}, {"model": "main_app.item", "pk": 9, "fields": {"name": "Lemon strees ball", "description": "Filled with popcorn! Goes crunch, crunch crunch when you squish it.", "materials": "cotton yarn, plastic safety eyes, popcorn", "price": "28.50", "finish": "P", "dimensions": "4x4x4", "categories": [1]}}, {"model": "main_app.item", "pk": 10, "fields": {"name": "Twisted Pretzel", "description": "What's in that cheese though?", "materials": "cotton yarn, puff paint, plastic safety eyes", "price": "22.50", "finish": "P", "dimensions": "4x4x4", "categories": [1]}}, {"model": "main_app.item", "pk": 11, "fields": {"name": "Cactus with red flower", "description": "100% less sharp than your average cactus", "materials": "acrylic yarn, wool roving, clay pot", "price": "28.50", "finish": "P", "dimensions": "5x4x2", "categories": [4]}}, {"model": "main_app.item", "pk": 13, "fields": {"name": "Double Scoop Ice Cream", "description": "Orange is happy. Vanilla is sad.", "materials": "acrylic yarn, plastic safety eyes, sadness", "price": "32.50", "finish": "P", "dimensions": "9x4x5", "categories": [1]}}, {"model": "main_app.item", "pk": 14, "fields": {"name": "Single Scoop Ice Cream", "description": "Complete with rainbow sprinkles, whipped cream and a cherry", "materials": "acrylic yarn, plastic safety eyes", "price": "28.50", "finish": "P", "dimensions": "7x4x3", "categories": [1]}}, {"model": "main_app.item", "pk": 15, "fields": {"name": "Olive", "description": "No pun intended", "materials": "Cotton yarn, plastic safety eyes", "price": "12.50", "finish": "P", "dimensions": "2x2x2", "categories": [1, 3]}}, {"model": "main_app.item", "pk": 17, "fields": {"name": "Cheese Burger", "description": "With individually stitched sesame seeds... Because you're worth it.", "materials": "cotton yarn, felt seed beads", "price": "28.50", "finish": "P", "dimensions": "2x2x2", "categories": [1]}}, {"model": "main_app.item", "pk": 18, "fields": {"name": "Toadstool", "description": "A magical mushroom for you", "materials": "cotton yarn, wood", "price": "18.50", "finish": "P", "dimensions": "3x3x2", "categories": [4, 5]}}, {"model": "main_app.item", "pk": 19, "fields": {"name": "Pumpkin Pie", "description": "with extra whipped cream", "materials": "acrylic yarn, wool roving, plastic safety eyes", "price": "22.50", "finish": "P", "dimensions": "5x4x3", "categories": [1, 3]}}, {"model": "main_app.item", "pk": 20, "fields": {"name": "XL Cake", "description": "For big celebrations", "materials": "acrylic yarn", "price": "28.50", "finish": "P", "dimensions": "6x6x6", "categories": [2, 5]}}, {"model": "main_app.item", "pk": 21, "fields": {"name": "Strawberry Shortcake", "description": "A summertime treat", "materials": "cotton yarn, plastic safety eyes", "price": "28.50", "finish": "P", "dimensions": "5x5x5", "categories": [1, 2]}}, {"model": "main_app.photo", "pk": 4, "fields": {"url": "https://s3.us-east-2.amazonaws.com/sadfoodtoys/b18f35.jpg", "item": 5}}, {"model": "main_app.photo", "pk": 5, "fields": {"url": "https://s3.us-east-2.amazonaws.com/sadfoodtoys/c1b94c.jpg", "item": 3}}, {"model": "main_app.photo", "pk": 6, "fields": {"url": "https://s3.us-east-2.amazonaws.com/sadfoodtoys/5847db.jpg", "item": 11}}, {"model": "main_app.photo", "pk": 7, "fields": {"url": "https://s3.us-east-2.amazonaws.com/sadfoodtoys/ce47d8.jpg", "item": 10}}, {"model": "main_app.photo", "pk": 8, "fields": {"url": "https://s3.us-east-2.amazonaws.com/sadfoodtoys/e4a29b.jpg", "item": 9}}, {"model": "main_app.photo", "pk": 9, "fields": {"url": "https://s3.us-east-2.amazonaws.com/sadfoodtoys/6348bd.jpg", "item": 8}}, {"model": "main_app.photo", "pk": 10, "fields": {"url": "https://s3.us-east-2.amazonaws.com/sadfoodtoys/495002.jpg", "item": 7}}, {"model": "main_app.photo", "pk": 11, "fields": {"url": "https://s3.us-east-2.amazonaws.com/sadfoodtoys/6810d4.jpg", "item": 6}}, {"model": "main_app.photo", "pk": 12, "fields": {"url": "https://s3.us-east-2.amazonaws.com/sadfoodtoys/83f7a5.jpg", "item": 13}}, {"model": "main_app.photo", "pk": 13, "fields": {"url": "https://s3.us-east-2.amazonaws.com/sadfoodtoys/e22c6d.jpg", "item": 14}}, {"model": "main_app.photo", "pk": 16, "fields": {"url": "https://s3.us-east-2.amazonaws.com/sadfoodtoys/346d55.jpg", "item": 15}}, {"model": "main_app.photo", "pk": 18, "fields": {"url": "https://s3.us-east-2.amazonaws.com/sadfoodtoys/54aec4.jpg", "item": 17}}, {"model": "main_app.photo", "pk": 19, "fields": {"url": "https://s3.us-east-2.amazonaws.com/sadfoodtoys/48a4e5.jpg", "item": 20}}, {"model": "main_app.photo", "pk": 20, "fields": {"url": "https://s3.us-east-2.amazonaws.com/sadfoodtoys/1fe14b.jpg", "item": 19}}, {"model": "main_app.photo", "pk": 21, "fields": {"url": "https://s3.us-east-2.amazonaws.com/sadfoodtoys/7fab86.jpg", "item": 18}}, {"model": "main_app.photo", "pk": 22, "fields": {"url": "https://s3.us-east-2.amazonaws.com/sadfoodtoys/ecbe86.jpg", "item": 21}}, {"model": "admin.logentry", "pk": 1, "fields": {"action_time": "2021-05-13T13:41:56.918Z", "user": 1, "content_type": 7, "object_id": "2", "object_repr": "Jes", "action_flag": 1, "change_message": "[{\"added\": {}}]"}}, {"model": "admin.logentry", "pk": 2, "fields": {"action_time": "2021-05-13T13:42:47.086Z", "user": 1, "content_type": 6, "object_id": "1", "object_repr": "Manager", "action_flag": 1, "change_message": "[{\"added\": {}}]"}}, {"model": "admin.logentry", "pk": 3, "fields": {"action_time": "2021-05-13T13:43:28.815Z", "user": 1, "content_type": 7, "object_id": "1", "object_repr": "snyles", "action_flag": 2, "change_message": "[{\"changed\": {\"fields\": [\"Groups\"]}}]"}}, {"model": "admin.logentry", "pk": 4, "fields": {"action_time": "2021-05-13T13:43:35.620Z", "user": 1, "content_type": 7, "object_id": "2", "object_repr": "Jes", "action_flag": 2, "change_message": "[{\"changed\": {\"fields\": [\"Groups\"]}}]"}}, {"model": "auth.permission", "pk": 1, "fields": {"name": "Can add category", "content_type": 1, "codename": "add_category"}}, {"model": "auth.permission", "pk": 2, "fields": {"name": "Can change category", "content_type": 1, "codename": "change_category"}}, {"model": "auth.permission", "pk": 3, "fields": {"name": "Can delete category", "content_type": 1, "codename": "delete_category"}}, {"model": "auth.permission", "pk": 4, "fields": {"name": "Can view category", "content_type": 1, "codename": "view_category"}}, {"model": "auth.permission", "pk": 5, "fields": {"name": "Can add item", "content_type": 2, "codename": "add_item"}}, {"model": "auth.permission", "pk": 6, "fields": {"name": "Can change item", "content_type": 2, "codename": "change_item"}}, {"model": "auth.permission", "pk": 7, "fields": {"name": "Can delete item", "content_type": 2, "codename": "delete_item"}}, {"model": "auth.permission", "pk": 8, "fields": {"name": "Can view item", "content_type": 2, "codename": "view_item"}}, {"model": "auth.permission", "pk": 9, "fields": {"name": "Can add profile", "content_type": 3, "codename": "add_profile"}}, {"model": "auth.permission", "pk": 10, "fields": {"name": "Can change profile", "content_type": 3, "codename": "change_profile"}}, {"model": "auth.permission", "pk": 11, "fields": {"name": "Can delete profile", "content_type": 3, "codename": "delete_profile"}}, {"model": "auth.permission", "pk": 12, "fields": {"name": "Can view profile", "content_type": 3, "codename": "view_profile"}}, {"model": "auth.permission", "pk": 13, "fields": {"name": "Can add log entry", "content_type": 4, "codename": "add_logentry"}}, {"model": "auth.permission", "pk": 14, "fields": {"name": "Can change log entry", "content_type": 4, "codename": "change_logentry"}}, {"model": "auth.permission", "pk": 15, "fields": {"name": "Can delete log entry", "content_type": 4, "codename": "delete_logentry"}}, {"model": "auth.permission", "pk": 16, "fields": {"name": "Can view log entry", "content_type": 4, "codename": "view_logentry"}}, {"model": "auth.permission", "pk": 17, "fields": {"name": "Can add permission", "content_type": 5, "codename": "add_permission"}}, {"model": "auth.permission", "pk": 18, "fields": {"name": "Can change permission", "content_type": 5, "codename": "change_permission"}}, {"model": "auth.permission", "pk": 19, "fields": {"name": "Can delete permission", "content_type": 5, "codename": "delete_permission"}}, {"model": "auth.permission", "pk": 20, "fields": {"name": "Can view permission", "content_type": 5, "codename": "view_permission"}}, {"model": "auth.permission", "pk": 21, "fields": {"name": "Can add group", "content_type": 6, "codename": "add_group"}}, {"model": "auth.permission", "pk": 22, "fields": {"name": "Can change group", "content_type": 6, "codename": "change_group"}}, {"model": "auth.permission", "pk": 23, "fields": {"name": "Can delete group", "content_type": 6, "codename": "delete_group"}}, {"model": "auth.permission", "pk": 24, "fields": {"name": "Can view group", "content_type": 6, "codename": "view_group"}}, {"model": "auth.permission", "pk": 25, "fields": {"name": "Can add user", "content_type": 7, "codename": "add_user"}}, {"model": "auth.permission", "pk": 26, "fields": {"name": "Can change user", "content_type": 7, "codename": "change_user"}}, {"model": "auth.permission", "pk": 27, "fields": {"name": "Can delete user", "content_type": 7, "codename": "delete_user"}}, {"model": "auth.permission", "pk": 28, "fields": {"name": "Can view user", "content_type": 7, "codename": "view_user"}}, {"model": "auth.permission", "pk": 29, "fields": {"name": "Can add content type", "content_type": 8, "codename": "add_contenttype"}}, {"model": "auth.permission", "pk": 30, "fields": {"name": "Can change content type", "content_type": 8, "codename": "change_contenttype"}}, {"model": "auth.permission", "pk": 31, "fields": {"name": "Can delete content type", "content_type": 8, "codename": "delete_contenttype"}}, {"model": "auth.permission", "pk": 32, "fields": {"name": "Can view content type", "content_type": 8, "codename": "view_contenttype"}}, {"model": "auth.permission", "pk": 33, "fields": {"name": "Can add session", "content_type": 9, "codename": "add_session"}}, {"model": "auth.permission", "pk": 34, "fields": {"name": "Can change session", "content_type": 9, "codename": "change_session"}}, {"model": "auth.permission", "pk": 35, "fields": {"name": "Can delete session", "content_type": 9, "codename": "delete_session"}}, {"model": "auth.permission", "pk": 36, "fields": {"name": "Can view session", "content_type": 9, "codename": "view_session"}}, {"model": "auth.permission", "pk": 37, "fields": {"name": "Can add photo", "content_type": 10, "codename": "add_photo"}}, {"model": "auth.permission", "pk": 38, "fields": {"name": "Can change photo", "content_type": 10, "codename": "change_photo"}}, {"model": "auth.permission", "pk": 39, "fields": {"name": "Can delete photo", "content_type": 10, "codename": "delete_photo"}}, {"model": "auth.permission", "pk": 40, "fields": {"name": "Can view photo", "content_type": 10, "codename": "view_photo"}}, {"model": "auth.group", "pk": 1, "fields": {"name": "Manager", "permissions": [1, 2, 3, 4, 5, 6, 7, 8]}}, {"model": "auth.user", "pk": 1, "fields": {"password": "pbkdf2_sha256$260000$vKO185AXxEibyd13A6guwK$QiFudoXMARBVzt8GHGTbjkZv/jEtOvCeuhS4nxYjYBg=", "last_login": "2021-05-13T13:41:37Z", "is_superuser": true, "username": "snyles", "first_name": "", "last_name": "", "email": "sniles@gmail.com", "is_staff": true, "is_active": true, "date_joined": "2021-05-13T13:41:23Z", "groups": [1], "user_permissions": []}}, {"model": "auth.user", "pk": 2, "fields": {"password": "pbkdf2_sha256$260000$5ipTRaZoNZhXJZJyQTW2oZ$o2Hzl+pCxg4amaWVEsy+074aR+cvCI+uoQeIbK/tm/I=", "last_login": "2021-05-13T16:59:40.521Z", "is_superuser": false, "username": "Jes", "first_name": "", "last_name": "", "email": "", "is_staff": false, "is_active": true, "date_joined": "2021-05-13T13:41:56Z", "groups": [1], "user_permissions": []}}, {"model": "contenttypes.contenttype", "pk": 1, "fields": {"app_label": "main_app", "model": "category"}}, {"model": "contenttypes.contenttype", "pk": 2, "fields": {"app_label": "main_app", "model": "item"}}, {"model": "contenttypes.contenttype", "pk": 3, "fields": {"app_label": "main_app", "model": "profile"}}, {"model": "contenttypes.contenttype", "pk": 4, "fields": {"app_label": "admin", "model": "logentry"}}, {"model": "contenttypes.contenttype", "pk": 5, "fields": {"app_label": "auth", "model": "permission"}}, {"model": "contenttypes.contenttype", "pk": 6, "fields": {"app_label": "auth", "model": "group"}}, {"model": "contenttypes.contenttype", "pk": 7, "fields": {"app_label": "auth", "model": "user"}}, {"model": "contenttypes.contenttype", "pk": 8, "fields": {"app_label": "contenttypes", "model": "contenttype"}}, {"model": "contenttypes.contenttype", "pk": 9, "fields": {"app_label": "sessions", "model": "session"}}, {"model": "contenttypes.contenttype", "pk": 10, "fields": {"app_label": "main_app", "model": "photo"}}, {"model": "sessions.session", "pk": "3dna2b4k21iwnia3b380q1eireyg0ory", "fields": {"session_data": ".eJxVjEEOwiAQRe_C2hCoUBiX7j0DmWFAqgaS0q6MdzckXej2v_f-WwTctxL2ntawsLiISZx-N8L4THUAfmC9Nxlb3daF5FDkQbu8NU6v6-H-HRTsZdQGvHOIBnNSoC3CnD1nRUYTOMfJ02SjYgsuan22mGdLhoxlQMUexOcL74U4Fw:1lhEgW:Iew-XNO06Y0I2ArhqWlBk2c6GCRDGHUUb9WG6_OlQjc", "expire_date": "2021-05-27T16:59:40.526Z"}}, {"model": "sessions.session", "pk": "lzf71gzfge1047t80ucgavnvc5mzc2hr", "fields": {"session_data": ".eJxVjDsOwjAQBe_iGlms8ZeSPmew1rs2DiBHipMKcXcSKQW0b2beW0RclxrXnuc4srgKEKffLSE9c9sBP7DdJ0lTW-YxyV2RB-1ymDi_bof7d1Cx16122uWkzmio-EsgBMfsqbDOXEhBCMVYj84iADAoHcgzq2w33bBySny-_6U4cw:1lhBar:vckIta02fqumNSVW-TgdHIT7QS-HGviQ-H65NRYk3lA", "expire_date": "2021-05-27T13:41:37.149Z"}}]